,AVG_DIAM,STD_DIAM,AVG_SURF,STD_SURF,EFF,QUAL
0,1.1510474774062054,0.5421560034929639,1.2714366373798147,1.1506897003571182,87.05019866054715,1.1049344032411366
