,AVG_DIAM,STD_DIAM,AVG_SURF,STD_SURF,EFF,QUAL
0,0.9819408735000189,0.4072453052495114,0.8875443799379185,0.6572207036921497,88.41248722149896,1.3504510356290529
