,AVG_DIAM,STD_DIAM,AVG_SURF,STD_SURF,EFF,QUAL
0,1.0573142062244703,0.5295135115408504,1.098220581877182,1.1173456779003126,88.83602244482854,0.9828834563900851
