,AVG_DIAM,STD_DIAM,AVG_SURF,STD_SURF,EFF,QUAL
0,0.9762780023414891,0.47442627667999976,0.9253553441370461,0.8290354089283501,90.31730549603822,1.116183137862837
