,AVG_DIAM,STD_DIAM,AVG_SURF,STD_SURF,EFF,QUAL
0,0.8810224003862998,0.389281507070175,0.7286457288594825,0.6309529261195943,86.21464928587531,1.1548337422582473
